id,text,label,image_url,image_id
1,"открыл рецепт простого борща ? поздравляю , ты официально на конференции по ядерной физике и международной политике ! emoji_1 # интернет # эксперты # сарказм # шуткишоу # борщ # обсуждаемвсё",1,https://drive.google.com/uc?id=1TppCI28unaAnsv9ZA94El0iMSxw4kRGN,1.jpg
2,"если я когда-нибудь напишу книгу , она будет называться "" бегущая по граблям "" # дневникидуры # шутка # юмор # смех # прикол # правда # сарказм # пятница # сатира emoji_2",1,https://drive.google.com/uc?id=1DbBzST9O-n6rYk-diuaCiag2JrCti56J,2.jpg
3,"осенний суп . вкусно и просто за 5 минут ! сохрани , чтобы не потерять ! # юмор # черныйюмор # приколы # сарказм",1,https://drive.google.com/uc?id=1nzHAjUVRTSF9vwtvE45O5Xt0Sj_K5Z8g,3.jpg
4,"- как ты ? - ниче , держусь , работаю",1,https://drive.google.com/uc?id=1OdjoilUGJS7StBzJ58ZZUxazNfs09Ho7,4.jpg
5,"надписи на футболке : камень , бумага , ножницы , циркулярка . новая игра для рабочих",1,https://drive.google.com/uc?id=1pfu5JV5znSkERg4ibD0SYny1UPqJedpZ,5.jpg
6,"санёк , что ты носишься ? премию не дадут , подзатыльник с радостью , а добрым словом отзовутся когда в гробу будешь emoji_3 # юмор # сарказм",1,https://drive.google.com/uc?id=1SjHygOvLGhU2pXJOQ-PPJNBlEO3QOsYD,6.jpg
7,"ах , я сошла с ума ! какая досада ! emoji_2 # сарказм # стёб # ирония",1,https://drive.google.com/uc?id=1T0dCB9mPVJ2UIio8nNQ0pCmTPfLrrDHi,7.jpg
8,"сегодня международный день защиты мужской нервной системы emoji_4 с праздником , муж emoji_5 # сарказм",1,https://drive.google.com/uc?id=1L2Qf_RtjLF-UHtdPqovj2Gezih3J0zmC,8.jpg
9,# квадроберы # сарказм # стопдегротам # квадроберы наверняка сейчас залаяли или расквакались от счастья emoji_2 emoji_2 emoji_2,1,https://drive.google.com/uc?id=1ZwnN4Zra9Bwfn02WWML51JnGS-m4Klpm,9.jpg
10,парковаться задом # сарказм,1,https://drive.google.com/uc?id=1t-ylnonIVfL_MPuC8fg-TRiY00NIR3BL,10.jpg
11,"суперлуние по уральски . на данном кадре мы наблюдаем огромную восходящую луну на юго-востоке , катящуюся по склону уральских гор . # сарказм # безнадёга # опятьвсёвоблаках",1,https://drive.google.com/uc?id=1vj3JiuTT5IVbrRclHxAdX35y1EcM_wtd,11.jpg
12,# сарказм следы более развитой цивилизации :,1,https://drive.google.com/uc?id=1aVQwVeXavcgwbK7x71csN1XFimN19Eqr,12.jpg
13,когда ты некромант и возродил старого друга emoji_6 # приколы # сарказм,1,https://drive.google.com/uc?id=1GiMSWidGvSgOJUBZmiYCjoHBeToK6tOX,13.jpg
14,"все гнобили серегу и смеялись над ним , а он вырос и стал прекрасным лебедем",1,https://drive.google.com/uc?id=1U2ptltuC2f4XyViuPb_gUJoqKyjPKVzt,14.jpg
15,- работаем с понедельника и до упора . - я уже упоролась ! можно домой ? emoji_7 # сарказм,1,https://drive.google.com/uc?id=1X2qzFWeKY2XfI4CZPuIcGgxGDIZqQ7pd,15.jpg
16,как у мамы :,1,https://drive.google.com/uc?id=1CcCivqIw5gdOIcgIhmpoCO6WADAYMC0f,16.jpg
17,"почта россии , спасибо за увлекательный квест ) это так мило , что вы заставляете меня гулять по городу и вносите разнообразие в мои будни .",1,https://drive.google.com/uc?id=1vKBp4ezlSIB9AFNXDRkCrhXXhcGTPmps,17.jpg
18,"всех 2,5 человек , кто меня смотрит . да я понимаю , что мой успех у многих из вас рано или поздно вызовет зависть и негодование , поэтому спешу вас успокоить мои дорогие - я не мечу в топ - мастера , не охочусь за просмотрами и славой ... я вообще не знаю кто этот человек .",1,https://drive.google.com/uc?id=1-ZxSPGk6DQCnW1eRMxRTko4fYPC_MsQA,18.jpg
19,"люди , радость снизошла на нас убогих . валерий меладзе планирует вернуться в россию , чтобы провести концертный тур в честь своего 60 - летия . # сарказм",1,https://drive.google.com/uc?id=1jGGosJbR7JIq16xGd-WsOmWS1zyrTpDJ,19.jpg
20,"трамп не пожал руку нетаньяху . вот оно , влияние дагестанцев на мировую политику . ) # сарказм",1,https://drive.google.com/uc?id=1a4eVU8ufdOgk-J0of4ZXHeLT0JP7NMNX,20.jpg
21,"- виталий , что это у тебя emoji_8 ? - это глад прилетел emoji_2 ! # сарказм",1,https://drive.google.com/uc?id=18euZmGQHt3aS5CvuzEJ-U_J_Jdq5yN67,21.jpg
22,все это неважно . просто хорошие люди иногда могут позволить себе собраться в хорошем месте и по-человечески отдохнуть . # сарказм <пользователь>,1,https://drive.google.com/uc?id=1HJmiVhFJYLtIO0qFmpVO-LrOS0ntMsVI,22.jpg
23,"надоели скучные однообразные фото ? решение есть ! курсы от крутого фотографа , не дорого emoji_9 вопросы в лс emoji_2 emoji_2 emoji_2 # фото # юмор # сарказм # лето # работа # зеркало",1,https://drive.google.com/uc?id=1XK0imPx8PeW63eNN-3j9GoZI2htqapMU,23.jpg
24,"внешка решает всё . на фотографии слева инцел-девственник , на другой – человек , которому повезло родиться красивым . почему так ? почему я не родился красавцем , как на правом фото ? # подслушано <пользователь> # база # внешность # сарказм",1,https://drive.google.com/uc?id=1sKLk0ehbEnTyNIAaL1KGsTHleXog8yo3,24.jpg
25,стране необходим синтез красного и белого !,1,https://drive.google.com/uc?id=1FObuSJ_2zCFhf33hBZC6GH8flHyfZO0c,25.jpg
26,"общество "" знание """,1,https://drive.google.com/uc?id=1qR-mK-xukiqrAS84HhYD8tdrqyOJo-bc,26.jpg
27,сегодня на э - 17 по сусекам наскребли только 3 электробуса . минус один по сравнению с первым будним днём . но самое главное в их работе - равномерное распределение по маршруту . в лучших традициях нпата ) # сарказм,1,https://drive.google.com/uc?id=1g5zNr2AHWSTt1ONvDnyxYiD26sU96o3g,27.jpg
28,"когда я был помоложе , я помнил все – и то , что было , и то , чего не было . теперь я старею и скоро стану вспоминать лишь последнее emoji_1 emoji_4 emoji_4 emoji_4 emoji_4 # молодость # сарказм",1,https://drive.google.com/uc?id=1jTyuKcF6IX5ZZPZ40eWS5uxEtFKvDxsw,28.jpg
29,# сарказм <пользователь> творите добро !,1,https://drive.google.com/uc?id=1W7tMGr-qndsh5O4qhJWidLfOtoPV9Ukn,29.jpg
30,архангельск . окно в будущее медицины . # сарказм <пользователь>,1,https://drive.google.com/uc?id=1y73wmZaIg7zPgNAFFFbezDbIlzL5Va6F,30.jpg
31,"январский натюрморт , всего-то в нём хватает : диван у ёлки ждёт , шампанское в бокале ... emoji_9 emoji_9 emoji_10 # стихи # поэт # новыйгод # библиотекаджельсомино # сарказм",1,https://drive.google.com/uc?id=1V-z55Sg1a1MTpr3hvRIYbThGOJZDPToO,31.jpg
32,столько времени в москве и ещё ни одного русского лица не видел . приятный город ) # сарказм # русофобия,1,https://drive.google.com/uc?id=1fdkimvnZ_0pCznjuBIHasBwzD-OU3k0q,32.jpg
33,# сарказм <пользователь> дом ипатьева восстановили !,1,https://drive.google.com/uc?id=1MFwDWFLGC7pRrVJgClRsQODgvx_SZ-PG,33.jpg
34,красиво жить не запретишь,1,https://drive.google.com/uc?id=1dD0NG1_wDc9-MJ_-PYDLhOzBQXpTEgPV,34.jpg
35,"судя по чистым ногтям , с гигиеной там туговато",1,https://drive.google.com/uc?id=1YVie_-o8skbL27BwJIxj1FUXZEFOfI2g,35.jpg
36,счастье невесты видно издалека,1,https://drive.google.com/uc?id=1budZDFzNGxp2xlbbOORyCp7tLBJBkozE,36.jpg
37,вот как выглядит по-настоящему крутая татуировка,1,https://drive.google.com/uc?id=1zqdEaLDk3nXvo0DS64YPRXEnDWqD3XHf,37.jpg
38,"могу лишь вообразить , насколько это было трудно …",1,https://drive.google.com/uc?id=1TMTTo-8XGZt9n02vOon-rOnu8OQQAvWs,38.jpg
39,"оказывается , динозавры не вымерли , они просто прикинулись статуями . так что будьте бдительны !",1,https://drive.google.com/uc?id=13H_zW2kIXBTsEIN1Ubm5Nns7K3lsrVDP,39.png
40,"когда начальство тебя не повышает , но ты сам себя повысил , работая меньше за те же деньги .",1,https://drive.google.com/uc?id=19dEMtxNNvsuNsrbZKKegWKEySaFm8UkS,40.png
41,"было три девочки , а стало две девочки и еще чтото непонятное .",1,https://drive.google.com/uc?id=1qkFajeRwBfZVoyKGLmWCZyAN4BUFEvn5,41.png
42,"“ это я иду тратить зп , которую только что получил , зная , что весь оставшийся месяц буду жить в нищете : ”",1,https://drive.google.com/uc?id=1ZwnN4Zra9Bwfn02WWML51JnGS-m4Klpm,42.png
43,"когда опускаются руки , всегда вспоминай , ради чего ты работаешь 5 дней в неделю по 8 часов",1,https://drive.google.com/uc?id=14T_PzcnunUEhAuy9axa-JkalH3QYTGDl,43.png
44,"когда она на распродаже озона купила тебе носки со смешариками , а ты хотел с щенячьим патрулем",1,https://drive.google.com/uc?id=1PZlNP6nXlqzmmwx2J6MhCZWcNOXf1cFW,44.png
45,"твой телефон , когда ты говоришь , что хочешь что-то купить",1,https://drive.google.com/uc?id=1IYOk0ym-ZwRETnt3RSY58AplaG9uI8a1,45.png
46,"когда зашел в бухгалтерию , а там еще 3 минуты обед",1,https://drive.google.com/uc?id=1s5CKDy2BSrPK4ZV6LHnt25VVE9hOv0Om,46.png
47,как люди игнорировали друг друга до появления смартфонов,1,https://drive.google.com/uc?id=1Il_m3j5fcZJ4xnX_V29xIBHMRs0o0d44,47.png
48,"связь между моим образованием и областью , в которой я работаю",1,https://drive.google.com/uc?id=13ZdHK5omD214UJU53xhAqExETMS06isw,48.png
49,я пытаюсь максимально отвести взгляд . таксист возле аэропорта :,1,https://drive.google.com/uc?id=1Mx6JRe81JYTFBPUbY0IzLMJLCoBs-W5n,49.png
50,"30 - летний я в осеннем парке смотрю , как на лавочках бухают и веселятся беспечные школьники",1,https://drive.google.com/uc?id=1-uRMvSy0ZlOZOtPlm1RywMS8ITfNSpZv,50.png
51,так выглядит копилка обычного россиянина,1,https://drive.google.com/uc?id=1dFFjM-3XaYOOjCk_X0mu-hE53MaFhhA7,51.png
52,"скоро станешь владычицей морской , вот только цемент застынет …",1,https://drive.google.com/uc?id=1RLWBiro8fNDRGIc2FPAe3PAKbc87tXnI,52.png
53,"когда пытаешься утешить любимую , чтоб она не обижалась и перестала пытаться тебя убить",1,https://drive.google.com/uc?id=1bv_op2ZBX2RnCwchD998nFLoPoI7MTPO,53.png
54,"когда подписчики в инсте растут не так быстро , и ты понимаешь , что нужно что-то делать",1,https://drive.google.com/uc?id=1rw2jXS91_4pU2wK5BfBQdhFkcMxSulI_,54.png
55,"когда сидишь и вспоминаешь всё то , что произошло за этот год",1,https://drive.google.com/uc?id=1v3hTt-hD3FE-zduW2Kpqc9pMefJz3sib,55.png
56,разбуди волка внутри себя ! » волк внутри меня :,1,https://drive.google.com/uc?id=1MI2sNYyTLuy2ZpFm9N0gObBvbokwEuCA,56.png
57,"вот идешь ты по обледенелому тротуару и думаешь : « хоть бы не ёбнуться » , а потом понимаешь , что ёбнулся ты уже давно ”",1,https://drive.google.com/uc?id=1phF8_xHznEECfCPG1ZhvC2l7lkT-58tC,57.png
58,"“ когда подруга начинает меня кому-то сватать : крыса совсем ничья . а крыса хорошая , красивая . ”",1,https://drive.google.com/uc?id=1tqoZ_2a0fj0ANzqmrvaHb7m8jrjOhFP2,58.png
59,как говорят мои волосы : « лучшая защита — это выпадение,1,https://drive.google.com/uc?id=1ne9MeQSRBMehX_XS5oPITmdDkCWb-z_s,59.png
60,приехал на дачу к пацанам на час позже,1,https://drive.google.com/uc?id=1jrCH3o76HNWiUHc8NM7sN2s4pk8poh7R,60.png
61,какой-то незнакомый человек лайкнул мой прошлогодний пост !,1,https://drive.google.com/uc?id=1tZWI4N0oSF_VaPuilTDjjw7GxQhS2S-Y,61.png
62,наконец-то нейросети научились рисовать правильное количество пальцев !,1,https://drive.google.com/uc?id=11SiPFf4TWHWdM0HBLQq2v6lzm1aWDyi8,62.png
63,"рискнув выпить просроченный кефир , я понял , что не прикажешь не только сердцу , но и заднице",1,https://drive.google.com/uc?id=1bFCzKeINk-G9HCevlBdS5oHdtGtQzoRi,63.png
64,суверенные бургеры . никаких более умирающих языков .,1,https://drive.google.com/uc?id=1PLwYwXxq2DGXfJufH1VcJxSucU1UJklW,64.png
67,"когда думал , что у тебя до конца месяца осталось 1000 на карте , а оказалось 1350 .",1,https://drive.google.com/uc?id=14JqkuBrARQuGtOEukosC0B-GZhIEVllA,67.png
68,город может срать спокойно,1,https://drive.google.com/uc?id=1qYm22LmDJQ2hx2mgyWL7S8mWFYTyxDsa,68.png
69,как каждую неделю ощущается подвиг в виде нахождения сил на уборку дома,1,https://drive.google.com/uc?id=1yOykGwJWgrHNShIZO8uoZxiUZpNeWrs2,69.png
70,"мам , да нормальная у меня компания . моя компания :",1,https://drive.google.com/uc?id=1IeUGcTKn7hhynx1ODO81wjSBsv-3oABa,70.png
71,сегодня кто-то усвоил урок,1,https://drive.google.com/uc?id=1nesZbly67ph6mtF78GknXwoD-nrklai1,71.png
72,"это я в 1994 - м трачу время впустую на сон , вместо того , чтобы скупать недвижимость . ещё и обосрался в итоге .",1,https://drive.google.com/uc?id=10Hf2_vz1tGkp8UGr7pRANRezOL-6AEpA,72.png
73,когда с друзьями наконец нашли день когда всем удобно собраться,1,https://drive.google.com/uc?id=1boY_QXO9q9f7nLaD8xzBnURoy0l8HD0t,73.png
74,клуб электровелосипедистов :,1,https://drive.google.com/uc?id=1y52NQIvFL_sd8QOLVZ2nMoTcDk_UnpVB,74.png
75,"когда ради приличия спросил , как у нее дела , а она записала войс на 20 минут , вместо того чтобы написать норм",1,https://drive.google.com/uc?id=1ENPA2ypbtl9CVGqx0ZXzTjV9BoEr5_jv,75.png
76,"я люблю своих котов одинаково . васеньку и того , второго .",1,https://drive.google.com/uc?id=1dWNTkihU7TP5Ym9tQT-HXOGpIAAQPObr,76.png
77,мне стоит волноваться из-за этого мотылька ? - и давно ты у него живёшь ?,1,https://drive.google.com/uc?id=1swSlt2JqlNNNbyNWU87O027-KTNXXAMT,77.png
78,зарплата 34к косточек в месяц,1,https://drive.google.com/uc?id=1PDBrsYBVBRD7E_Y8jOmfsvGVQTR-MHg7,78.png
79,"когда опускаются руки , всегда вспоминай , ради чего ты работаешь 5 дней в неделю по 8 часов :",1,https://drive.google.com/uc?id=1FwaWUH0FPaNV3VessYysn4-s1nPdvwnB,79.png
80,обувь моих соседей сверху,1,https://drive.google.com/uc?id=1UHUYcZ_RX_BIdrAXMlP5VznMOeTV4E1q,80.png
81,когда ответственно подходишь к пению в душе,1,https://drive.google.com/uc?id=1LxSCZyDCA1TjXA9Mvwe4-1EoJ8ERHIdJ,81.png
82,самый вкусный армянский лагман с традиционной армянской лепешкой # шутка # узбекскаякухня,1,https://drive.google.com/uc?id=1VAhP0bdsJ2gINrZuuQuVn8zhbchGjLpk,82.png
83,а вот как я в 2000 выбираю путина и потенциальную войну с украиной,1,https://drive.google.com/uc?id=1gmVvny0QWn3_FOHhC4e1ND2TLMmDC1uA,83.png
84,"думаю , пора менять дочке садик",1,https://drive.google.com/uc?id=1hferXoIObCINGfENTPktDgE2TWNPPdyI,84.png
85,"наш сыктывкар - настолько высокотехнологичный город , что все остальные города нам завидуют ! ведь только у нас зимой даже на улочках спальных районов сутками напролёт работают большие экраны , основанные на ультрасовременнейшей технологии проецирования изображения на завесу из водяного пара . # сыктывкар # сыктывкаркоми # хайтек # экранизпара # пар # экран # сарказм",1,https://drive.google.com/uc?id=1ZwnN4Zra9Bwfn02WWML51JnGS-m4Klpm,85.jpg
86,"друзья , кому нужны активные рабочие руки ? ! например , при ремонте или работ по демонтажу и удалению . обратие внимание - подростки в микрорайоне заря очень нуждаются в данном трудоустройстве и очень активно предлагают свои услуги , не дожидаясь приглашений просто рвут в клочки первое , что попадет под руку ! # детизеркалородителей # сарказм # порчаимущества",1,https://drive.google.com/uc?id=1aSZLT4UL8L8yE4hF7A9ZfG7LTzUh-WzT,86.jpg
87,"— мне врач прописал глицин . — ты уверена , что он это имел в виду ? — да . # юмор # сарказм",1,https://drive.google.com/uc?id=12fWJGtvqYalLkizRa4U2aYC-N2wV5Kpn,87.jpg
88,"тоже лежим , работаем emoji_2 помощник года emoji_11 emoji_12",1,https://drive.google.com/uc?id=1lNmVZnB2OzxeWJ7H2D1qDoIPUS742MKN,88.jpg
89,мы очень старались испечь печенье с крысами,1,https://drive.google.com/uc?id=1_IZBcQekEbIIy0i6JBmf1b3HOSfwKjlm,89.png
90,за вами приехали,1,https://drive.google.com/uc?id=1LYx6lwlwsCk4klKM62UQtT2T9PcU4Nj8,90.png
91,тебе не стыдно так на свидание одеваться ?,1,https://drive.google.com/uc?id=1i1cq0Kf8xmqkP5cvaYbSaXVn0cvewuqb,91.jpg
92,ахуеть пул взял номер в честь автобуса из самары emoji_13 emoji_13,1,https://drive.google.com/uc?id=14qKCmM42fO48kxcSD39lahk6GpTSmgAe,92.png
93,король варваров » . звезда мирового футбола эрлинг холланд станет персонажем популярнейшей,1,https://drive.google.com/uc?id=1xYTQBp3lRsthSINgGh0VB93Y25zrOdL7,93.png
94,все зовут меня человек-муравей но ты можешь называть меня врагом казахстана,1,https://drive.google.com/uc?id=1CqzYhvDWWwej0-itH3U7B-mbnGAyrGkb,94.png
95,"картинка-иллюзия . ослов 11 , но если перевернуть картинку , их станет 12 :",1,https://drive.google.com/uc?id=1XbATtWfYIuRCwLb1ybng-XQ4QpN_9uVE,95.png
96,"ракетоносец опять не доехал , сломался",1,https://drive.google.com/uc?id=1qtF16Tq2FPp0R3KmptZFSOGbvMY1HDxJ,96.png
97,когда пришли с пацанами в рестик и ждете своих зинок,1,https://drive.google.com/uc?id=1HtjMDJ2pRS3JeR43BuybvKYpOrpqsfiD,97.png
98,"шах и мат , аметисты ! что вы не это скажете ?",1,https://drive.google.com/uc?id=1W4h9CTnLdPiSCk8YIXj_qDLuxuiVIXlq,98.png
99,"опять сытой жизнью хвастается , пока бычки без стайки живут , ну вот что за человек ни стыда ни совести",1,https://drive.google.com/uc?id=1pN1y04R2hZFloyy6WAVzmPFkNsiXdjzS,99.png
100,в столице открылся самый большой в мире каток emoji_14 emoji_14 . площадь льда составила свыше 365335 тыс . кв . км . подсчёт не окончательный и может подрасти . взять и сдать коньки напрокат можно бесплатно в этих красивых оранжевых хренях . сдать также можно в любом травмпункте города . # сарказм,1,https://drive.google.com/uc?id=1aQvTCsZMse5tnCHNMHMeed6dv_Sf3jAZ,100.png
101,"есть что-то особенное в том , чтобы просто сидеть и смотреть с высоты . на вершине повседневные заботы кажутся такими мелкими , а мысли — такими ясными . # переосмысление # перспектива # мысвысоты # вдохновение # моментысобой # montenegro # orien",0,https://drive.google.com/uc?id=1J_Y_FUhi4HEseIuPOTdScl-AgffWacPO,101.jpg
102,# будни <пользователь> до завтра emoji_15 emoji_16 <пользователь>,0,https://drive.google.com/uc?id=1YjrWc8PbfDiMMag7jukjWrCBsz5O4Te4,102.jpg
103,всем доброго дня и заряженной рабочей недели emoji_17 ловите фоточку с недавней фотосессии emoji_18 ph : алексей пирязев,0,https://drive.google.com/uc?id=1ydf4SaZq1kv53Hr3TsFLfFC3wsWfpZVP,103.jpg
104,шла вторая неделя . никаких изменений . п . гидроторф ул горького,0,https://drive.google.com/uc?id=1WOO2xzhaLa3bExG0yl_VJwULXoFnc0iE,104.jpg
105,"позитивной и успешной недели ! денежного притока от ноябрьских рабочих дней ! лучистого творчества , спортивного настроения , любви и преданности к своему предназначению и делу ! # ноябрь # красотаотнедосыпа",0,https://drive.google.com/uc?id=1rLEvsdXM90o-RTCX-DyfgZb_CJZyjlxY,105.jpg
106,улучшаем наше пространство ! а вы чем заняты ?,0,https://drive.google.com/uc?id=1ljcVilgUpYapPWyjcaKpuauTNBRv-JXC,106.jpg
107,emoji_19 в парке металлургов позирует всем вот такая красавица # липецк # паркметаллургов,0,https://drive.google.com/uc?id=1F5MnqZOVFASb7c5uD0QkroPpmzaC-llD,107.jpg
108,"рыбалка — это не только улов , но и отличный способ провести время на природе , расслабиться и зарядиться позитивом ! emoji_20 emoji_21 фотография улова прилагается ! emoji_18",0,https://drive.google.com/uc?id=1na1Oblrr-igUlCZ7XBhwYGyOa1SoJx54,108.jpg
109,наше небо . наша отдушина . когда в обеденное время - ты почти на курорте ! ! ! с катя # самара # море # небо,0,https://drive.google.com/uc?id=1P6EEiKdM5K_J2814XK1BRfrD6vgztneu,109.jpg
110,а за окном осень,0,https://drive.google.com/uc?id=1d2iGBFickU3UEuYoxAFdBERrJ8AEe5_B,110.jpg
111,наводим порядок с бантиком emoji_22 ‍ emoji_23 скоро будет красота,0,https://drive.google.com/uc?id=1dQWRegaDWKc1ZJR_EQ_6oocbGYcCdR9t,111.jpg
112,"приготовила творожную запеканку со сливами , с семенами льна , кунжута . и вкусный ягодный компот emoji_24 emoji_24 emoji_24 побежала работать emoji_25",0,https://drive.google.com/uc?id=1fb4H_1sN3GoJTxWjg3JSzydzdXL2PO_s,112.jpg
113,первый житель поселился в акварельном скетчбуке emoji_26 что-то я вдохновилась кряквами,0,https://drive.google.com/uc?id=1Y9H8ZhrrPXIyqlrNHrVAk1UjJEdQmx1J,113.jpg
114,"влиться в рабочий процесс , после обеденного перерыва и когда за окном + 30 - это довольно сложно ... emoji_2 emoji_13 emoji_21 emoji_21 emoji_21 # лето # наработе",0,https://drive.google.com/uc?id=1v8T9zUxMHRqY1WXVTsj8oz3dgvODBJbi,114.jpg
115,а по вечерам мы варим глинтвейн ! вчера был на гранатовом соке . сегодня на вишнево-яблочном . душевно .,0,https://drive.google.com/uc?id=1QWSpZvYmAGGuMlNHza7GqFzJmUxSgNG0,115.jpg
116,работа в нижнем новгороде # суд # право,0,https://drive.google.com/uc?id=1UGoFaR2uzcNdUEes1Nvn2ZPEuMC3v6mN,116.jpg
117,"приветствуем , дорогие коллеги emoji_27 крепкого здоровья всем и скучной смены !",0,https://drive.google.com/uc?id=107ipYxnqzrYsptBHQMHjviOW4XcwCG_O,117.jpg
118,к пятнице надо готовиться . небом надо любоваться . вечер надо проводить . # самара # небо # вечер # встречи # напланетеземля,0,https://drive.google.com/uc?id=1j1hg6CuHh8Ti_mcA12lqE-3hJQAgElP8,118.jpg
119,"принцев много , а принцесса одна единственная emoji_24 моя долгожданная новиночка из кореи укореняется emoji_28 emoji_29 # суккуленты # растения",0,https://drive.google.com/uc?id=1sH2GHGvXsGf_xq-GqLz8xSrE7ql-5fwW,119.jpg
120,"новогодние идеи , подушки с рукавичкой-варежкой . # хобби # шитьё",0,https://drive.google.com/uc?id=1_09KpIvTXPieeBspMiOaKNOED_lWA3MA,120.jpg
121,"наш вечер , наполненный романтикой и волшебством . emoji_30 emoji_31 emoji_30 emoji_32 незаметно стемнело и стало ещё красивее вокруг , повсюду зажглись огни ... emoji_33 # лес # отдых",0,https://drive.google.com/uc?id=1cB9Qcb1yJyQuIzKs7JuqVH-ESLrZ_RPn,121.jpg
122,выходные должны быть идиальные ) ) ) мы развлекались как могли emoji_2 emoji_2 emoji_2 # всегдарядом,0,https://drive.google.com/uc?id=1xAbn33-dVge5-d0zUY1jQIywUjOerRYh,122.jpg
123,"совсем забыли о понедельничном посте ! во что поиграли на выходных ? ! делитесь впечатлениями ! мы вот шептались в первый раз , впечатления положительные .",0,https://drive.google.com/uc?id=1TFc3ffHNGofrc609eFqYgAprhR-Wfa6p,123.jpg
124,"чудо озеро "" байкал "" . владимирская область . # природа # озеро # осень",0,https://drive.google.com/uc?id=1c9DNY9hv2s4SeXVzGqOrpT_fTyg3mOQB,124.jpg
125,"мне в жизни очень сильно повезло с такими сёстрами . талантливые ! самые лучшие как я . emoji_34 это чистый кайф ! так душевно и легко ! музыка , кофе , гитара и душевные разговоры ! благодарю emoji_35 emoji_36",0,https://drive.google.com/uc?id=18AHUliGTcr3b_hDkFQuKwEHigG3C_DYL,125.jpg
126,"сколько бы вам не было лет - это самый подходящий возраст , чтобы любить , мечтать и радоваться жизни . ) ) # мысли # самоуверенность # покупай",0,https://drive.google.com/uc?id=1Bl7i8brTfn9OxOGfTupr3zAf6mIzOOrB,126.jpg
127,"у людей всё чаще "" мы "" . у меня извечное "" я "" . где моё неизбывное "" мы "" ? ! # море # крым # воспоминания",0,https://drive.google.com/uc?id=1sGishItK8V2L7F3yI2o1hPS8ceFCaR-F,127.jpg
128,"неважно , чем вы будете заниматься # сегодня . важно , чтоб вам это приносило # удовольствие emoji_34",0,https://drive.google.com/uc?id=1shJb5duSWgdE3dec-xKgx1iIBYlU4g-N,128.jpg
129,"вот и дождались … 1 ноября , первый снег сегодня и мой # экспромт , сложившийся утром в голове . # 1ноября # нелюблюосень # естьчтолюбить # сегодня # стихиназаказ и не только ;) emoji_37 emoji_37 emoji_37 emoji_38 emoji_38 emoji_38",0,https://drive.google.com/uc?id=1cshXY3WLKK56wlRERI8nYCn4PuEr7eGu,129.jpg
130,"обязательно стоит разбавить серость дней ярким шарфом ! особенно сегодня , в день длинных пёстрых шарфов ! хорошего и яркого дня ! # девушка # шарф # арт",0,https://drive.google.com/uc?id=16vLgDa01kFPAzQ4UsdBJlVHkpobq3Esx,130.jpg
131,"невероятный закат сегодня , фото от подписчиков , # закат",0,https://drive.google.com/uc?id=1VWCJEOTo0uakGAqknnmyVyWfLVvR9HvB,131.jpg
132,""" а наша песня русская , как русская душа "" .",0,https://drive.google.com/uc?id=1-G6-MTaq6rThg8iZcPqk-6KIaXaXfWqq,132.jpg
133,"вспомни , какие маленькие сокровища нашлись летом emoji_39 emoji_40 # плейлист <пользователь>",0,https://drive.google.com/uc?id=1IC_ZHBzHiTD7jjG0IYFTqyJZOg5AaQEU,133.jpg
134,"общался в мечети с интересным человеком , он мне такую глубокую фразу сказал : # у адвокатов нет врагов",0,https://drive.google.com/uc?id=1mBpw28KC_i-hwoIqjdCxKkSZ6M_P4OT6,134.jpg
135,"какой ваш идеальный завтрак ? для меня это выйти на балкон , увидеть первый снег и готовый завтрак в виде кофе и круассана по-аджарски .",0,https://drive.google.com/uc?id=1CWYqqcWXeHDMY3s1IPvaQyDQVg4rWId7,135.jpg
136,на свадьбу к друзьям готов emoji_41,0,https://drive.google.com/uc?id=1pagp6I9YuHtiZgX7RvtiO7vBsa4FIjmQ,136.jpg
137,красивый вид .,0,https://drive.google.com/uc?id=1pq-B_Wdmkog4mqq79QVwBqvK3ja29_RR,137.jpg
138,"наконец-то смогла куда-то выбраться , помимо универа и работы",0,https://drive.google.com/uc?id=1ZHzbMD-c0CPhKY-BQ-OeroMAvbcxlARv,138.jpg
139,прогулялись,0,https://drive.google.com/uc?id=17rqlLstsw-yus55MfX1u6bSpb346wG3R,139.jpg
140,наш декоративный очаг,0,https://drive.google.com/uc?id=1qCIPL4h2i5ymmT6tRGw4XzR8r8lqQqQD,140.jpg
141,малость приболел решил поесть спасибо за внимание,0,https://drive.google.com/uc?id=1D5KDeQRuP_e09jgUStctpk2CbI10_vnj,141.jpg
142,сделал селфи,0,https://drive.google.com/uc?id=1ekeA4LFQkFeybJKmX1yTmgONVlZI540E,142.jpg
143,так начался мой день рождения сегодня emoji_10 emoji_10 emoji_10,0,https://drive.google.com/uc?id=1oA0lI267d8yiRn_RYM5pzeukUIVlmf-C,143.jpg
144,"хорошо , это такое жирное только раз в году .",0,https://drive.google.com/uc?id=1Pi0onOg8HUx5Odl74ki8CF13RpqYeUX4,144.jpg
145,смотрите в каком я классном баре !,0,https://drive.google.com/uc?id=1TzSboeqDNftGesCVHtSrEJaOQk5getNa,145.jpg
146,завтракаем в 9 часов . когда такое было ? !,0,https://drive.google.com/uc?id=1i8ENZ44-AF1bQpTwV6-IkwTifaM0txz6,146.jpg
147,сфотографировал вечером,0,https://drive.google.com/uc?id=1F-CXnNPYBnia_a6EM6rHywjMhjQgqslz,147.png
148,"выкупили три упаковки , а поттера нашли с первого раза emoji_4",0,https://drive.google.com/uc?id=1jyFSifJfvdowV85qhZhEexPwmVUxzRds,148.jpg
149,показываю вам вареник,0,https://drive.google.com/uc?id=1OLpoF0SLGB1mhYNmOJ9NvtYuoOZLL98x,149.jpg
150,"пока подумала о том что бы выложить свои цветы в тви , они уже завяли emoji_4",0,https://drive.google.com/uc?id=1bXV8GzJ_r8Nv0rXyRrHmZDB6COCDa7X5,150.jpg
151,встречайте новую стрижку бубочки,0,https://drive.google.com/uc?id=11d1rBIfLMvS0Fsapz9j4l319nqzwF0no,151.jpg
152,парни в куртках emoji_42,0,https://drive.google.com/uc?id=1AJjGFqBmWFbCYIoYS3f0V8xCX9mQbBHw,152.png
153,дыхание утра в лесной зоне ямала - это потрясающее зрелище природы .,0,https://drive.google.com/uc?id=1f9CaWjAVWC3zUpe2EvNlhWALgOE0Zzfn,153.jpg
154,"добро пожаловать в олонец , один из самых красивых городов республики карелия !",0,https://drive.google.com/uc?id=1DBHTfDnvo5LFCuOrTbuecfDCwjtlgtk-,154.jpg
155,"подарите себе мгновение покоя и вдохновения , наслаждаясь закатом с ромашками . emoji_43 emoji_44 emoji_30",0,https://drive.google.com/uc?id=1A_DVneB6KfmMQWEZTb_O1NQEoOrkOe38,155.jpg
156,отмечали хэллоуин emoji_45 emoji_46 emoji_47,0,https://drive.google.com/uc?id=1pNDwknFTOsHt4AWjfa2HJXqXWHObHpyr,156.jpg
157,"новогодний стол 2024 , в моем исполнении emoji_48 emoji_48 emoji_48",0,https://drive.google.com/uc?id=1iW3xr2QLqikYj_Fss_Dm6H5Grmkduq1E,157.jpg
158,"здесь вас ждут красивые горы , чистые реки и величественные леса .",0,https://drive.google.com/uc?id=11yxZWf7mUCgTKqm82o5b_r3wxnFXKM5b,158.jpg
159,советское мороженое . вкус детства и имперского величия emoji_49,0,https://drive.google.com/uc?id=12bSMkeYR63rhONDyPrVUE4YEl3YjHD-e,159.jpg
160,оказывается усы могут выглядеть привлекательно ) ) ),0,https://drive.google.com/uc?id=1iLm8DED7fkt61vzVl9x0oLQMLLRn5z2p,160.jpg
161,"ммм ща как залетит это сочное , мощное , домашнее мясо в желудок .",0,https://drive.google.com/uc?id=1nR2UoQpy8oWMZTnzPm-FtR3B39ssoVJ5,161.jpg
162,я поймал форель ! ! ! первый раз !,0,https://drive.google.com/uc?id=1dGo18xAplzCKB3qjnSIb3YkHue7DWd5a,162.jpg
163,"мама знакомой в австралии собирает коллекцию из того , что обнаружила у себя в доме",0,https://drive.google.com/uc?id=1iLsFHXFL_mc3CScZcbN87lftXZ0NLaVS,163.jpg
164,я сломал наушник . но смекалка ещё работает,0,https://drive.google.com/uc?id=1dTlk4Dt7c5DNSnNkGNpn4pxQxPu6etAh,164.jpg
165,мясо очень мягкое получилось,0,https://drive.google.com/uc?id=1OnUG8bn3SVqkWmjLMftkI5iSkAQX3ZlF,165.jpg
166,понедельник начался сладко ),0,https://drive.google.com/uc?id=1pN21N16GlEaAwzQRkATDjR1_0JEPV7F5,166.jpg
167,living this life today живи сейчас # спорт # жизнь # боль # счастье # мотивация # олейник # здоровье # health # motivation # training,0,https://drive.google.com/uc?id=1DOfQ7kSeVTdezr8nRc9fmiu9lRJPddNg,167.jpg
168,когда отдыхаешь между подходами emoji_4 как вы отдыхаете ? что делаете ? # спорт # зал # gym,0,https://drive.google.com/uc?id=1fy9zhVVamhwvxx73-mwx8YrArBdZNKYb,168.jpg
169,"девчонки , сфоткала своего парня emoji_50 такой милый в очках и жилетке emoji_34 emoji_51 не завидуйте ) ) # счастье # мойпарень # красавчик # втюриласьвнёрда",0,https://drive.google.com/uc?id=15vh1raApCKO76WR0HNGAknoGxXT_EhOT,169.jpg
170,# март # лучшеефото дочь с одной из питомец приюта # счастье,0,https://drive.google.com/uc?id=1y4FZljIclGdFXCSITllIZ6OYKnLuhoZy,170.jpg
171,просто жить try sometimes just to live as a person ( and not exclusively to fulfill the roles and responsibilities assumed by public and official ) # sport # life # oleynik # mma # ufc # bjj # спорт # мма # олейник # жизнь,0,https://drive.google.com/uc?id=1MzACFYXm3yc_z2buqImHX7BzXT5vDWZC,171.jpg
172,"интересные факты emoji_52 чек-лист того , что должно быть , чтоб концерт macan'a состоялся . случайно узнали журналисты",0,https://drive.google.com/uc?id=1qIu_pLZExeRompcAcDIAFj-i-2Z_fY19,172.jpg
173,"# жизнь человека , каждая ее секунда , является невероятной ценностью . не тратьте ее бесполезно ! # шрипракашджи",0,https://drive.google.com/uc?id=16jME35m_l4zpirXpHsXHD1I09uMLZMbO,173.jpg
174,"доброе утро ! emoji_38 emoji_38 emoji_38 есть только два дня в году , когда можно ничего не делать . один называется вчера , другой — завтра . это значит , что сегодня — лучший день , чтобы любить , верить и прежде всего — жить . © # дни # сегодня # жизнь",0,https://drive.google.com/uc?id=1PAbE1Y-ahf9GrQSBn1WfwmMoDMgPqor5,174.jpg
175,наша вторая осень втроём emoji_31 emoji_53 emoji_54 emoji_38 emoji_38 emoji_38 # тёплыйоктябрь # семья,0,https://drive.google.com/uc?id=1YofZysgOeAzjhMf8KhWP1Q5TNG-l7QiD,175.jpg
176,внезапно подняла глаза # счастье в мелочах emoji_30,0,https://drive.google.com/uc?id=1cR4AtIbfdDWQvmdrTccHdOwDxtUadAo7,176.jpg
177,вот и 12 - й раз приехал <пользователь> в калининград и конечно же я с <пользователь> его встречаем # обнимашки emoji_50 # друзья # долгожданнаявстреча,0,https://drive.google.com/uc?id=1ewn60y4Atasqqt1PBd753o20fxE5utdX,177.jpg
178,стоим с моими друзьями в питере у зимнего дворца # друзья # buildjakapan # friend # выпускной,0,https://drive.google.com/uc?id=11_Ye8l_cTv5SsVc-7saAcp7lue9k3XCD,178.jpg
179,эти туристы уже отдохнули у нас поздней осенью ! начинается календарная зима . но поездка в абхазию компанией хороша в любое время года ! всё про зимний отдых в абхазии на сайте,0,https://drive.google.com/uc?id=1U1lplcCttc-QTpPTIDx1WSWqlwh3cJ7u,179.jpg
180,emoji_55 emoji_55 emoji_55 . у ди и нашего пирожка все без изменений :) трудятся вместе emoji_54 . творческий союз emoji_56 emoji_49 # семья # рисовать # кот,0,https://drive.google.com/uc?id=18sxKsyGlM5r19MqVYQERIaXCOuygYUHu,180.jpg
181,international delight и warner bros выпустили сливки для кофе в стиле « друзей » # сливки # друзья # кофе,0,https://drive.google.com/uc?id=19yHHnGXgsKZTlWM1WZ_IZeoLnhyHvc3r,181.jpg
182,я спел дуэт с шаманом . не ищите на всех цифровых площадках . когда это ещё не было трендом ! # шаман # shaman # родные # дуэт # песня звездочёта # фактор # фактора # пугачева # шоу,0,https://drive.google.com/uc?id=1F70fFQozYrn-I4nhNTQT51RQPNGL0Wdk,182.jpg
183,"картаполов рассказал , как надо организовать связь в островной зоне херсонского направления без гаджетов",0,https://drive.google.com/uc?id=1ZVEmtfrFxbkK6DWAsGRV6-JkGBqIkXxn,183.jpg
184,"16 сентября 1945 года в баку родился евгений ваганович петросян ( петросянц ) . помимо работы на эстраде евгений петросян является автором восьми книг , включающих репертуар за все годы его выступлений . # петросян # россия # история # календарь # деньрождения",0,https://drive.google.com/uc?id=1WOrMWFEYMXTiAmOLnhitcxmnXy8SoViA,184.jpg
185,"ее путь к признанию был тернист . поначалу актриса искала себя в комедии , а потом пыталась получить более серьезные роли . # реальнаяжизнь # звезды",0,https://drive.google.com/uc?id=1iUOIsRXS0VDJGUR1o8ZpMxTwzbg61pfi,185.jpg
186,"наш с юлей большой разговор с юлией навальной . выйдет на "" дожде "" в среду . не пропустите .",0,https://drive.google.com/uc?id=1mYhb0yzNI2vLylz5OF0Iid8-1Pr9TYui,186.jpg
187,"бывает так , что чья-то вершина - это только маленькая ступенька у другого",0,https://drive.google.com/uc?id=18VklJqpmDYywZSnqRlyX9hjb1OSGz8Gd,187.jpg
188,мама с собакой гуляла,0,https://drive.google.com/uc?id=1xJtY5FcFEV3CYl1xg8fk9CcHPEpUT0Z_,188.jpg
189,сегодня кнопку нажимал # москва # нескучник # белка # город,0,https://drive.google.com/uc?id=1EsWMcT_Les_lPx_icmzfTMQerYxav4l5,189.png
190,в алматы сносят двухэтажное здание # алматы # снос # здания # иск,0,https://drive.google.com/uc?id=1EsWMcT_Les_lPx_icmzfTMQerYxav4l5,190.png
191,город-герой херсон отмечает 245 - летие . поздравляем жителей города с праздником ! # город # херсон # герой # деньгорода # суворов,0,https://drive.google.com/uc?id=1C_SKFF8smTskTQxhFAu5NHlksmKMq9MH,191.jpg
192,"провёл приём жителей прикамья в рамках недели приёмов граждан старшего поколения по социальным вопросам . пенсии для работающих пенсионеров должны быть проиндексированы . обсуждали проблемы обманутых дольщиков , поддержки предприятий , а также организации приёма у прокурора края .",0,https://drive.google.com/uc?id=1QNHamkkaaQxFLDSsf1-sLV4XF6HgkhrV,192.jpg
193,"это барда , на юге пермского края . 25 тысяч жителей - татары , башкиры , русские . здесь - нефть , газ , грибы , лес , заготовка дров , сельское хозяйство . встретился с избирателями . в селе березники открыли новую газовую станцию на 255 домов . важный день - газ пошел !",0,https://drive.google.com/uc?id=106r2wj0ycpMxJoYvTzUMsTbruIvXu9MG,193.jpg
194,чувствуете вайб ?,0,https://drive.google.com/uc?id=1IH27K5J-D7rA6BVkLJj8k5YtFAuuOsdu,194.jpg
195,стив джобс лук,0,https://drive.google.com/uc?id=1SEmsxIZL-HffZhHMGHG_K62LhFrcBCwc,195.jpg
196,на мосту очень много людей,0,https://drive.google.com/uc?id=1p2x5uZJVQY7DteyQLIBMDLCNGj9HSAqM,196.jpg
197,вход в метро красные ворота,0,https://drive.google.com/uc?id=1jqErl8Ry5knixaqxgiV7JeBhhHQ_i1fB,197.jpg
198,"сегодня дмитрий гудков провел один из лучших за последнее время разговоров об экономике современной россии . спасибо владислав иноземцев екатерина шульман сергей лагодинский алексашенко . спасибо , я что-то понял .",0,https://drive.google.com/uc?id=1SfCVVBZa4ITCIxMoxyoSiEU_YPzIa5Sm,198.jpg
199,"emoji_57 жизнь - это не гонка , а путешествие , в котором важно наслаждаться каждым моментом . # простота # жизнь # вдохновение",0,https://drive.google.com/uc?id=1JDjs5gzZJwBTILGOsuCc07rXaAX7LPyA,199.jpg
200,"жизнь - это не вчера и не завтра , это сегодня . надо учиться получать удовольствие от нее сейчас , иначе за вас его получит кто-нибудь другой . # велосипед",0,https://drive.google.com/uc?id=1UGaBzFpuHUt5U9p81QyzDtUiEUmVarDT,200.jpg
201,"не хорошая и не плохая , я добрая в злую полосочку # сарказм # интересное",1,https://drive.google.com/uc?id=1FakFb5Fl8nQUzHpqbg8is6WlMjTZ1WHX,201.jpg
202,"emoji_56 ха ! .. не верьте слухам , я ещё хуже ... # сарказм # простоя # отпуск # вотрыве",1,https://drive.google.com/uc?id=1oGIvbLFhSWhCWVJZh7PC8bpygp828QEq,202.jpg
203,"россия опубликовала изображение российского супероружия , которое , как ожидается , будет использовано на украине в следующий раз . # сарказм",1,https://drive.google.com/uc?id=1wTpTg4wENtkmaD-ThZre5mtMZRXcFok4,203.jpg
204,"# сарказм <пользователь> во владимире точно знают , где выход",1,https://drive.google.com/uc?id=11P3yiHd-fznRqEuzQ1D_0V4ZSRAxk5s1,204.jpg
205,"хотя они кажутся милыми и не опасными , но на самом деле очень шумные , довольно агрессивные , а их содержание требует высоких затрат . а слева - кенгуру , о них я знаю мало . # шутка # юмор # смех # прикол # правда # сарказм",1,https://drive.google.com/uc?id=1qObCcAdXVMVuvh_f5eEJQtS1j3SFAOxF,205.jpg
206,"ребят , помогите , пожалуйста ! не знаю , что делать . ротвейлерам уже пятый месяц , а они всё не растут . # сарказм # пятница # сатира emoji_2",1,https://drive.google.com/uc?id=1s0gl5zIlAnFI9qbpqPLtdimsrUcR0Iq-,206.jpg
207,мы обалдено подготовились к празднику ) ) ) # сарказм,1,https://drive.google.com/uc?id=1_zd42h7Go0v0TtX4oWS2iwRJvwf_G9PV,207.jpg
208,у моего друга дальтоника сегодня день рождения . порадую его этой оливково - тёмно синей фоткой . # сарказм # гендерпати # юмор,1,https://drive.google.com/uc?id=1uZdmshLT04UMII3fe6sf9c-h4sm7In6j,208.jpg
209,"самодостаточная женщина - это женщина , которая сама себе мочалкой спинку достает . # сарказм",1,https://drive.google.com/uc?id=1muGgV3dLpKzPsok52EpDuM5MJN9wYI30,209.jpg
210,"приложения сбербанка несут вашим детям разумное , доброе , вечное . # сарказм",1,https://drive.google.com/uc?id=16lGJDfRiipwiZLH0JsBo3WKj1qzwmDuW,210.jpg
211,"наконец-то нормальное уральское лето , свинцовое небо , люди в плащах и куртках , а то устроили тут грецию какую-то ! # сарказм",1,https://drive.google.com/uc?id=1A4aPAHJwRV77lhcO6oABbl7VVbSXW4K8,211.jpg
212,тоже люблю пропустить пару коктейлей после драки с медведем,1,https://drive.google.com/uc?id=1aHoAQs06_nWW0a3aG1omNvLVjTtb6vM2,212.jpg
213,модернизация # юмор # сарказм,1,https://drive.google.com/uc?id=190_IG5Lz5taI_tCvsp9pRDDsrvlMTW3X,213.jpg
214,"жизнь грустная , зато зарплата смешная",1,https://drive.google.com/uc?id=1T0Y22YDno3DOZo4Klxrwg_AwkIGPIpXN,214.jpg
215,emoji_58 emoji_32 елена блиновская открыла новый бизнес в подмосковье # приколы # сарказм,1,https://drive.google.com/uc?id=1MZG4cOW4rUSCsToFpmqNLGOq2lzE_zKY,215.jpg
216,# приколы # сарказм главная достопримечательность самары ) ),1,https://drive.google.com/uc?id=1vsucBdtyRvMX-PvA9_JCo1N_ZRhg4ptS,216.jpg
217,"единственные маски , которые мне помогают :",1,https://drive.google.com/uc?id=1BMnDgZvJQQDWt3qv029G32fLUFqqtsmX,217.jpg
218,"хочу , чтобы меня любили так , как эта лошадь любит брокколи",1,https://drive.google.com/uc?id=15F0xQ47tNfXhh7UFVNZfbY6TOToSI8OH,218.jpg
219,реакция новосибирца на туристический налог,1,https://drive.google.com/uc?id=1yDnUSPjKPpw5faeteoHTAuSor7tuv66z,219.jpg
220,"скоро ёлку поставят . игрушки , дождик , подарки там всякие ... помогать буду ...",1,https://drive.google.com/uc?id=1QrhGZ9_nlWVs70_9PQsBSVAMGF-FVY_Y,220.jpg
221,emoji_59 emoji_59 emoji_59 спокойной ночи emoji_60 emoji_61 emoji_62,1,https://drive.google.com/uc?id=14-ucd_O-GkortDA7YclmgyxiMaubUfcd,221.jpg
222,"отличные ( нет ) остановки , администрация волгограда , и от непогоды укрывают , и присесть всегда можно # сарказм # волгоград # остановки # некрасиво # грязь",1,https://drive.google.com/uc?id=1svtwK_Z0ElFFcAd7Djbmo7CuvFG_dwyU,222.jpg
223,все шутят про яйца ! ну тогда держите фото современного пабло эскобара ),1,https://drive.google.com/uc?id=1hOBZJCa14iYbkH_fErYY8z7vvGB7SS7D,223.jpg
224,"думаю , что это я сегодня такая красивая ? а потом вспоминаю ! точно ! сегодня же день обезьян emoji_2 # сарказм # стёб # ирония",1,https://drive.google.com/uc?id=178AZoiwPqcTq68PQ_5R7zOJZnWNG7tZf,224.jpg
225,"как в самаре , право . даже не верится , что это в уфе находится . мы , стало быть , не хуже .",1,https://drive.google.com/uc?id=1eZv8XYhYmRg0YD44aSO1JFOgc0df5By4,225.jpg
226,"ура ! ! спасибо друзья , что вы у меня есть ! мне с вами повезло , а вот вам со мной хз , я тот ещё подарочек судьбоносный .",1,https://drive.google.com/uc?id=1487Muu7zbTofHKVNgmhzYVZfWN-kBOBN,226.jpg
227,в общем и в целом . все рекомендации и общие чаты заполнены поздравлениями . на улице хорошая погода и это самое время отмечать .,1,https://drive.google.com/uc?id=1SLJaoY9aJl60Z8ZuniDiRmI0K4OKQ60O,227.jpg
228,"я стала фанаткой фитнеса , потому что зал помимо накачки мышц и улучшения внешнего вида даёт великолепную разрядку . ну , это когда тебе очень хочется кого-нибудь убить , но нельзя ! мы ведь культурные люди !",1,https://drive.google.com/uc?id=16UKZdbY4U4GLyOs7Tp6hPvskG40O52kZ,228.jpg
229,"# достижение2023 - снять кабинет и начать в нём работать , почти сразу с нормальным доходом . вау , кому-то 31 год , и какие достижения !",1,https://drive.google.com/uc?id=1BGI8_ops-pXcrEG8avwZE1LSpU48quMZ,229.jpg
230,"во-первых , когда мать и сын одного возраста – это вау , шедевр . # сарказм . во-вторых , когда актриса не может вовремя спеть .",1,https://drive.google.com/uc?id=1W0ewrNLwxQfTfVHmo3wXbN0SOkk9CR3x,230.jpg
231,"интересная история ... # сарказм то есть мои фото плохи для того , чтобы размещать кое-где . но они достаточно хороши для вдохновения !",1,https://drive.google.com/uc?id=1Z3ImP96FK8nyV4NibW1s7DmgXcbj3LFi,231.jpg
232,"старшая порадовала оценками , переходящими в новый год и законченными работами в художке ! emoji_63 младших приходится любить просто так ! emoji_53 emoji_35 # сарказм",1,https://drive.google.com/uc?id=1gbl8950B-ck0R9bRZSWTGzmcdQkbfzeL,232.jpg
233,"актep в пpeддвepии рoждecтвa пoдapил бeздoмным вeтepaнaм жильe . критиканты наверное считают , что на улице им было значительно лучше . а тут крыша над головой , кровать , тепло . да как он посмел так поступить , прям заиздевался над беднягами # сарказм",1,https://drive.google.com/uc?id=1M3U94ibD4UrazJszuqrU-xBAATtv39Yk,233.jpg
234,"все мы знаем , что скоро нас ждут , зааамечательные взрывательные дни и ночи .",1,https://drive.google.com/uc?id=1FLwfkRVRUi3zc0I9scvLM-U5VZcWlh8Q,234.jpg
235,в россии же ковида — нет ! везите к нам чм и олимпиаду . можно и хоккейную лигу захватить emoji_64 emoji_65,1,https://drive.google.com/uc?id=1DODkCyI_m3MghVjyM_EK1pIegBKlalCj,235.jpg
236,"известное предновогоднее фото - в гулаге , если младенцев не съедали сразу , между пытками им приходилось кататься на катке в чем придется , без лыжных комбинезонов от кутюр ...",1,https://drive.google.com/uc?id=1huF-XfdsujJOeV5yOUX2ec0JOvqVH36D,236.jpg
237,"спойлер : осторожно , крайне депрессивное место для самоубийц # сарказм",1,https://drive.google.com/uc?id=1bqpxMXoqto8JecRar4NQzrpGKegZA51a,237.jpg
238,"всех с новым годом 2022 по пермски и по краснодарски . люблю всех своих родных , знакомых , коллег и друзей и не друзей ) их нет # сарказм ! ! !",1,https://drive.google.com/uc?id=1zXR-c_enf5IT8iwPOs9Y4CYr3IR6lSqo,238.jpg
239,"# новыйгод2022 итоги конечно же утешительные . я по-прежнему грандиозно крут # сарказм ( я хуже всех ) . 1 . я могу сидеть на стуле и делать вид , что думаю .",1,https://drive.google.com/uc?id=1HqR3SLF9wSOsEVUrzuZ3WJPzOkf_qiye,239.jpg
240,"психологически здоровая женщина выберет одиночество . другие предпочтут мужчину , пусть такого , лишь бы не быть одной . да он ведь и не всегда плохой ! пока не орёт , не замахивается , не обкладывает запретами , не оскорбляет с ним очень даже хорошо # сарказм",1,https://drive.google.com/uc?id=1Ikac16WaSlX7uhAaW-eyNOWIaBhjl3wc,240.jpg
241,"это я так радуюсь , когда бронируются даты на год … а еще больше , когда падает предоплата … # сарказм",1,https://drive.google.com/uc?id=1CGfDEELDOAGRc7XksbuiqMPYo-tYdfjN,241.jpg
242,"особенный сорт пятачкового ликёра , у него яркий летний вкус , сладкий , с тонкой горчинкой свекольной ботвы и обескураживающей тыквенной свежестью . при правильном подходе этот напиток вполне может стать вашим любимцем .",1,https://drive.google.com/uc?id=1s2SuG1ZeRafWDPbuSTOeGzH8ZB4LowQL,242.jpg
243,"новый подопечный emoji_66 давно мечтала , да ещё и лишай , прям мечта , давно в лишаях не ходила , с прошлого лета , спасибо вам добрые люди , что снабжаете нас , злых , таких плохих зооволонтеров братьями нашими меньшими , прям низкий вам поклон ! ! ! дай бог вам жизни как у нас ! !",1,https://drive.google.com/uc?id=1OWVjtOS7kFbxT8uZjlMERLXtmXBog6ha,243.jpg
244,"как я люблю когда тут у нас снимают кино , прям обожаю # сарказм",1,https://drive.google.com/uc?id=1a5RzUlbmXlMDPxtPEhfWN3uoHs5vAyNx,244.jpg
245,"как пятница , народ ? emoji_9",1,https://drive.google.com/uc?id=1frOkS4040cCWoCTgqVzUjtqDjOtRwb1j,245.jpg
246,"я присмотрела себе купальничек за 50 тысяч и вот думаю , то ли мне его купить , то ли месяц не есть emoji_8 в нашей же стране всё идёт по плану emoji_9 emoji_67 и судя по речи президента моя зарплата поднялась в раз 20 emoji_2 emoji_2 emoji_2",1,https://drive.google.com/uc?id=1ATNntNFb8N9NknWsd7Ipn2ypBt4Igiwv,246.jpg
247,"полный лакшери супер курорт emoji_68 emoji_69 emoji_47 : свежайшие овощи , микро-зелень на шведском столе , контактный зоопарк emoji_70 и отличная вечерняя анимация emoji_25 emoji_71 ! первый день отпуска отдохнула по полной ! emoji_13 всем рекомендую . # сарказм",1,https://drive.google.com/uc?id=1jaN5vt19B51VYAQJ5P5Eqsh6_pIbYSwU,247.jpg
248,"не замeчали , что в сказках после описания свадьбы следует : "" вот и сказкe конец "" ? emoji_4",1,https://drive.google.com/uc?id=1iUfzEFJTymivI6nI5EcAQZAdiHR2Y7je,248.jpg
249,"я вот вкалывал 24/7 и заработал целое состояние . состояние депрессии , тревоги и постоянной усталости",1,https://drive.google.com/uc?id=1WF3wYpvQPini8NirywJzPylcBl-scL5j,249.jpg
250,идея для оформления веган кафе,1,https://drive.google.com/uc?id=18RvJn5oPDhBDcHwzi5QD7k37h5KbCx31,250.jpg
251,дыхание маткой вышло на новый уровень emoji_72,1,https://drive.google.com/uc?id=1fDIItjOyjCGnIxJXIRQLoESf4Oe7R6su,251.png
252,"лайфхак для тех , кто на завтра ещё без пары .",1,https://drive.google.com/uc?id=1aLC44NDqfFDVXPfLEm6Q0B1rKj8kz8tM,252.png
253,"я сказала мужу , что нам нужно расстаться .",1,https://drive.google.com/uc?id=1MAiNk_VCMWDlb3meioYHhbph5yvkU2GG,253.png
254,"адам кадыров получил медаль за соревнования , в которых не участвовал",1,https://drive.google.com/uc?id=1Vx4Jc7-S3sptse3-DiD8c4TG6Na16lkW,254.png
255,"на работе царит новогоднее настроение , едва справляюсь с эйфорией .",1,https://drive.google.com/uc?id=1AZPlu1HoywY5YDfwkGBjzN3Do8bFzMsQ,255.png
256,"пошли пивка выпьем . не могу , мне утром на работу . 3 часа спустя : emoji_72",1,https://drive.google.com/uc?id=1mOyWgnWd8VWxvqaqQCklUA1cCjksHr_J,256.png
257,как легко отморозить яйца .,1,https://drive.google.com/uc?id=111wRl3COtwvDhD9u4jYmAuzVYd2a0336,257.png
258,совсем скоро атлант расправит свои плечи .,1,https://drive.google.com/uc?id=1Geniz6zyzdT7M8pD7arr74dkzCh66rwm,258.png
259,"настроение , как у карлсона — пропеллер крутится , а лететь некуда …",1,https://drive.google.com/uc?id=1umXLqJWEVHAANmMB9331qbqriO8A68u0,259.png
260,"нефиг слушать с утреца новости говённые , наполняйте спозаранку стаканы гранёные !",1,https://drive.google.com/uc?id=1aBAT0OLbmqa21E4GeB3psWObNemtMPiT,260.png
261,"- как я вас узнаю ? - вам навстречу будет идти девушка , и вы подумаете — только бы не она ! так вот , это буду я .",1,https://drive.google.com/uc?id=1T3I1w42n1_Jnmp0KnN4LxfqpdPOuy1I-,261.png
262,к новому году готов .,1,https://drive.google.com/uc?id=1oWvNC8_k7lSUpO7gBmkwrE8GD7mgpTpI,262.png
263,смотри на мир счастливыми глазами !,1,https://drive.google.com/uc?id=1Ya0HS2-hkP06EpKd24nxbLacyLTJWDKD,263.png
264,когда на твою деревню положили кольцевую дорогу,1,https://drive.google.com/uc?id=1y_cWFDA25qjDbiqcp32NDo80lS9cvHpR,264.png
265,совместное пускание газов укрепляет отношения .,1,https://drive.google.com/uc?id=1USv3LYLcqnDVtJ9-0y-UvgZDpjJ8IU2L,265.png
266,на украину приехал британский снайпер .,1,https://drive.google.com/uc?id=1gGsqWSnOR-xRJ1EVOCmY7E3bEQcoyEa1,266.png
267,ты меня не поправляй ! я тебе не чулки !,1,https://drive.google.com/uc?id=17szrWhDKwei1XBCkFAP3_epaMRLY8gzx,267.png
268,виктория сикрет,1,https://drive.google.com/uc?id=1RK6X2LdPsBcbq9QD025WMWOvX0PTCZRp,268.png
269,жительница китая три года работала в 16 компаниях и ни разу не появилась в офисе .,1,https://drive.google.com/uc?id=1x1HtX1vbC5az9eM8c0EpSAEFqwHtCQuA,269.png
270,"принимайте всех такими , какие они есть … и успокоительное .",1,https://drive.google.com/uc?id=1pnGIgE-E5-6MrhdazAz2GoZMRJqgxLmL,270.png
271,"если вы ругаетесь матом , поздно ложитесь спать и не любите порядок — может быть , вы просто очень умный .",1,https://drive.google.com/uc?id=1LBcieHRNeyzWD8bsxAAqeJTT73kEUKhN,271.png
272,"когда батя ленивый , но умный .",1,https://drive.google.com/uc?id=1EKv3sUBS9h0YeASnL8SkxlWF8_21NT74,272.png
273,в сша заявили о пропаже у зеленского новогоднего настроения .,1,https://drive.google.com/uc?id=1RLs2PDw2YHemZRWSjnzxFRC9uvVJmNIe,273.png
274,"тебя как звать-то , волкодав ? спать со мной будешь , а то мыши украдут !",1,https://drive.google.com/uc?id=1TEafoMbaIb85k5_mU5oX5G61gZJ0kd3I,274.png
275,как я блокировал входящие в 90 - х .,1,https://drive.google.com/uc?id=1j6tUpWlWWww4UhqZMeikaBffwH9Tnm8p,275.png
276,"кто-то : начинайте свой день с улыбки . я , который в 6 утра еду на работу :",1,https://drive.google.com/uc?id=1G0EZ_ntDIOfk4r7ENxf4ix6kGPod_wzH,276.png
277,"осенью сложно быть демонической женщиной , когда вечно сползают колготки .",1,https://drive.google.com/uc?id=1--mj4aBKUNnrDnhhIXeLURfVfIIYLiFB,277.png
278,"я не боюсь есть после шести , потому что моя бабушка всегда говорила , что бутерброды — это не еда !",1,https://drive.google.com/uc?id=1h2cy5D6iHuDWOSbxkF9FETn8ldAfTO6D,278.png
279,"когда муж ушел к друзьям и сказал , что вернётся до 22:00 . а на часах уже 22:01 :",1,https://drive.google.com/uc?id=1WYGV0Bcr3qBvWWThpN6lBRFPaabtPZEL,279.png
280,работаю в банке охранником …,1,https://drive.google.com/uc?id=13GXc87k84uwOWTVb2sGTwkvYY0IKSs6o,280.png
281,"не обидно , если послали ! обидно , что пойти не в чем ! ! !",1,https://drive.google.com/uc?id=1ztrXmIaYXfTiLXk-bj-lilEoKC7vX-8v,281.png
282,"гражданка рф без билета улетела из сша в париж , спрятавшись в туалете самолета , вернуть её не смогли .",1,https://drive.google.com/uc?id=1KBRAObsrnjw4qnXTn4O82VWBRCvDHIUg,282.png
283,опять они его дома забыли .,1,https://drive.google.com/uc?id=1o3BABscBehYLjEUQljPobQXJsUbWUmY0,283.png
284,когда решил на 8 марта подарить своей девушке дорогой букет .,1,https://drive.google.com/uc?id=1DtArPvp7oEsAMfKWT5yNrlxmnlntYpen,284.png
285,нет ничего крепче хватки ребенка ),1,https://drive.google.com/uc?id=1Qqni0XSjK7NKoNoHV2fSh1Mf7IPTPqI6,285.png
286,πaпa вaм не мaмa,1,https://drive.google.com/uc?id=11mHtjTauaphcTAmmTza75jQ3dshlPnhH,286.jpg
287,γлaвнoе – кpеaтивный пoдхoд,1,https://drive.google.com/uc?id=1yyQLRpgVdabH7V5xCpACCEoJXMCmVNEU,287.jpg
288,спopт - этo не егo,1,https://drive.google.com/uc?id=1aJl_YQiML2NTor766P48ocigegry3Hws,288.jpg
289,тепеpь oн в детдoме ?,1,https://drive.google.com/uc?id=1IhhNycFfymxuW4Supz8H0m46wBlV5ZVm,289.jpg
290,офицера можно узнать по походке .,1,https://drive.google.com/uc?id=1_SEqs3jaCxkWMNH8nzWDURN_dQtWc4y7,290.jpg
291,зиму ждали даже котик,1,https://drive.google.com/uc?id=1eLM7RZs4E1BwUZIKVnmCHLGVZ7VXOvxW,291.png
292,βывих нa две emoji_64,1,https://drive.google.com/uc?id=1KGpXODZO0SHbW86Nh03bt6lgFxpYGtcH,292.jpg
293,рoдители будут paды,1,https://drive.google.com/uc?id=1F8KdVi2KhEBRYK9k5pq4ex3QuBBU3yfx,293.jpg
294,как лечить геморрой,1,https://drive.google.com/uc?id=1X58LPlBWUHj7XZVT_KMivp8IT4ppae30,294.jpg
295,"раковина временно недоступна , попробуйте позже .",1,https://drive.google.com/uc?id=1IZb6QTCNwrT2AJ8nBCrDlEmPO6-Eq4US,295.jpg
296,"еду забирать семена для рассады с озона , которые заказал только , чтобы почувствовать себя взрослым .",1,https://drive.google.com/uc?id=18dCO_8JTY1lH97gSPRBST5XQw9pXcXM4,296.png
297,κудa ему cтoлькo ?,1,https://drive.google.com/uc?id=10oxR8hCKnRXLgVP9kFWazdVg6y0Ds9qJ,297.jpg
298,бoгaтые деды cтapыми не бывaют,1,https://drive.google.com/uc?id=1OmNmICwx-9-glp3L4V__F81Yi6zkqBGo,298.jpg
299,"принц есть , конь есть",1,https://drive.google.com/uc?id=1_74NTDNOfHB6Hv7BRQ7KLbaaYoU2BbPk,299.jpg
300,наконец-то собрала нормальный гардероб тридцатилетней женщины,1,https://drive.google.com/uc?id=19e9tGuW8pnXGSjuEcZEjmzVQAs3XEhSE,300.jpg
301,этому мужику можно позавидовать,1,https://drive.google.com/uc?id=1rYD_TEi-HNnZa4fINm_FW_PWx3uXw7XY,301.jpg
302,а наш парусный клуб выиграл премию emoji_73,0,https://drive.google.com/uc?id=1qbxHadZbHscKEeJ9Fr9DLfGkiHt_5TM0,302.jpg
303,"это я на последней регате сезона , грустно курю … сейчас уже не так грустно . но погода располагает к грусти",0,https://drive.google.com/uc?id=1Ys56rvkp_Jy_I-_LIvLXvahF6bDRiebZ,303.jpg
304,а я сделала подвеску,0,https://drive.google.com/uc?id=1h40sz1AkJO0AMtiQEWqLjt8KVhTkgplf,304.jpg
305,зачем так красиво emoji_74 emoji_30,0,https://drive.google.com/uc?id=1rcRINv6Zz0Dnkb2g3JFdwBXLNuML6w-f,305.jpg
306,"срезала выжившие розы , занесла в дом emoji_30",0,https://drive.google.com/uc?id=1Rv7e34L-tFQxfbZ8ILp3lY-M-IY6SnuA,306.jpg
307,однако доброе утро,0,https://drive.google.com/uc?id=1lm_1bA9IPm_fCW9i0rgl-3qNEH0n4wnk,307.jpg
308,"мыла хату 4 часа , лежу , хорошо-то кааак",0,https://drive.google.com/uc?id=1QvAGFbTcowIRQZNbOiRbguRIMuEa3ybU,308.jpg
309,завтракаем в 9 часов . когда такое было ? !,0,https://drive.google.com/uc?id=1ew5yNliZG52QEHx9LlT8KxDVHt1aD31N,309.jpg
310,закат в долине гейзеров,0,https://drive.google.com/uc?id=1kHoOffEesP_33bqYDTHsQ0aEsvY3I77n,310.jpg
311,калина в ноябре .,0,https://drive.google.com/uc?id=1ogJqA_tLGCaX_jHkx1xbkHfTlWknby6F,311.jpg
312,закат на плато укок,0,https://drive.google.com/uc?id=1r3NwOhWt5WIXDNexd2EOY1NsBbBU9SmG,312.jpg
313,это очень вкусно,0,https://drive.google.com/uc?id=1RaNdi8ejpTg8NkX0YNm_tCyo8FQ-xJQB,313.jpg
314,в прошлом году я улетела в дубай,0,https://drive.google.com/uc?id=1djjkxg5VxQOvhca7eUSmrVyl974Gbn0b,314.jpg
315,сижу уставшая в сеуле и жду свой рейс,0,https://drive.google.com/uc?id=1WUK82Udm_ZifJzHCydQhfCawVaH2wow3,315.jpg
316,японское мороженое - это нечто особенное emoji_54 emoji_32,0,https://drive.google.com/uc?id=1fAbeOGTw5u697UgRld8p7IC7IF29b1R7,316.jpg
317,"стиль , который вдохновляет",0,https://drive.google.com/uc?id=1UnExSyirAcB_38h8nXooJJkXLgC-hI7D,317.jpg
318,"все , зима уже тута",0,https://drive.google.com/uc?id=1WgjCr300RvKR85cR0YcdWdN6T1IpifH3,318.jpg
319,такая вот зима в штате вашингтон,0,https://drive.google.com/uc?id=18CbdA9JbQ5Xfx6E80tPTC6CpY8-LYCZT,319.jpg
320,канадский деревенский пляж emoji_38,0,https://drive.google.com/uc?id=1orUshKN8OATlcxmSdbLAMpgGK9YIjNul,320.jpg
321,люблю зиму за огоньки,0,https://drive.google.com/uc?id=19Q-VFPjlr8QrPoWgynS9FuJXzLF_3Ct-,321.jpg
322,лучшая пицца в городе,0,https://drive.google.com/uc?id=1Wh605uj8Y15HKKfcGjAcZIIJa9AFYIEd,322.jpg
323,натуральная елка с ретро игрушками 8-),0,https://drive.google.com/uc?id=1wtu_wnhIWP9QBcXjflhf6-eGD3duMhfM,323.jpg
324,москва ночью,0,https://drive.google.com/uc?id=1bOk0xycmVdEeJ_fffhSQgaVzGaAcjk-I,324.jpg
325,это я вчера в универ шла emoji_75,0,https://drive.google.com/uc?id=15iUBhNZTkCVq6lEDf47zkwqTz40vCYva,325.jpg
326,"сложно устоять и не купить сэндвич , когда с душой нарисованный котичек рекомендует emoji_76",0,https://drive.google.com/uc?id=1uUMqLQawdpWg9w0dHYST3vai4mSo0sK2,326.jpg
327,"серьги периода силла , корея vi в .",0,https://drive.google.com/uc?id=1RvGpcXgWn8yWNbguTM5IYHxUUbkJ5CEy,327.jpg
328,"замок осака , япония",0,https://drive.google.com/uc?id=1awtiyn6hGiqMUTrMPI7eJ3yN_pWFc-e7,328.jpg
329,а я люблю скини джинсы,0,https://drive.google.com/uc?id=1IobmaaKkuTzLkgh9Rb7vOOtsh1w0C4xq,329.jpg
330,мне так нравится быть девочкой,0,https://drive.google.com/uc?id=1PBqB29SDd4bRuAtboBqKXgIKL48b80Or,330.jpg
331,"забрала ракушки с том яма emoji_2 уж больно понравились , будут теперь достоянием в доме на полке с книжками",0,https://drive.google.com/uc?id=1ltHBmiQg2t5cYd5HTI3AnGRoT8wAJnZE,331.jpg
332,я подсела на этот виноград,0,https://drive.google.com/uc?id=13phVi5VmwMUgqLp-3JQ1N7psDJXhb1Mv,332.jpg
333,хорошее настроение = вкусный ужин,0,https://drive.google.com/uc?id=15kD0CGtGmF-MZRwaE4LNdojHZ8RKVmI1,333.jpg
334,этот вид из окна emoji_77,0,https://drive.google.com/uc?id=1JNTFYEE7RtULFyn0Q0agm048imWZBBcL,334.jpg
335,шашлыки поела прошу не завидовать,0,https://drive.google.com/uc?id=1N8PpY3j0CQJJtP_oP3txcDGdyMKLRVlL,335.jpg
336,а вот она в горы съездила же лайкните фото чтобы тоже туда съездить,0,https://drive.google.com/uc?id=13rRnhXyI9eAY2U-CwmC6UwQSke2Wy0qN,336.jpg
337,утренний кофе .,0,https://drive.google.com/uc?id=1fces3NxBJEc3lhmNPwnx-X5_ESPcnRzF,337.jpg
338,идеальные часы для путешествий emoji_78,0,https://drive.google.com/uc?id=1HwUBmhEDmwYZk0evr8KFUwpBvdZsxvx3,338.jpg
339,любовь вокруг нас,0,https://drive.google.com/uc?id=18bCj9IcMEv6pNcEsq9rtgu-3gKy9JB0k,339.jpg
340,осенью по крыму . опадают последние листья . природа готовиться к зимнему отдыху . после почти девяти месяцев буйного цветения .,0,https://drive.google.com/uc?id=1kY1Ml9cfcfUEahzVKprc1XVVhQIeipuG,340.jpg
341,оливье,0,https://drive.google.com/uc?id=1et9mEPx8aS-A2MpGU0aJlKXKcoJGhpdN,341.jpg
342,"мой сын пришел показать кошечку и украсть твое сердечко . как видишь , кошечку он уже показал",0,https://drive.google.com/uc?id=1jnrr0xlbf1jVscHg4CNiP3lIm4OLDgM6,342.jpg
343,мдаа прекраснее этого вида я еще не встречала .,0,https://drive.google.com/uc?id=1Az-wH3YfGMjAlPAkZplFrgmvg9V5BlUm,343.jpg
344,я очень люблю корейскую острую кухню emoji_48,0,https://drive.google.com/uc?id=1fAtvr-gXymQl80imkfY0yuU7Zo-KG9kZ,344.jpg
345,"влюбилась в эту красоту , в этот дизайн , очень красивый интересный потолок .",0,https://drive.google.com/uc?id=1ugKVjJlzSJePal-Hz3dkG-EiqjsSZk1G,345.jpg
346,"давайте признаем ! адам драйвер идеальный снейп , а не вот это вот всё",0,https://drive.google.com/uc?id=151T_FB2dYdkEoNqbUKToJe8zX6_gEURl,346.jpg
347,23:50 : мы лепим котлеты на бургеры,0,https://drive.google.com/uc?id=1M7ZdKpZ3Zl2VMnbDyPqIJS-ncrhr3A-x,347.jpg
348,"рецепт вечера : пошла в магазин , купила кг кальмара , кг креветок и сделала для него 5.7 литров домашнего том яма emoji_79",0,https://drive.google.com/uc?id=1yDNbTRMPg7V8WJrEyGUZs3usMcpkZhuZ,348.jpg
349,так выглядела комната моей бабули . emoji_78 простой советский уют . emoji_80,0,https://drive.google.com/uc?id=1hNRi3p43K5UYS78lIGdD03N3HdDHcu1q,349.jpg
350,я только вышла с универа emoji_81,0,https://drive.google.com/uc?id=14Fvw47xw8WvsuVbSkvosOY5BJkNdrfrW,350.jpg
351,"- а сегодня # праздник , # новыйгод # 2022 , # 1января , # времямечтать , # продолжаемотмечать emoji_10 emoji_82 emoji_83 emoji_37 emoji_84 - # благодарю тех , кто со мной ! emoji_85 всем # счастья ! emoji_86",0,https://drive.google.com/uc?id=1gLJo2RMFQc5YOQEj2oWXkMWdk3JfN34k,351.jpg
352,"а на работе , как всегда , как на работе . работать , работать , работать ...",0,https://drive.google.com/uc?id=1vAXZfIMhUq4HxnfQcvqHcpmGwaxtmLVu,352.jpg
353,"такая красота за городом ! ! ! emoji_37 emoji_37 emoji_37 emoji_37 emoji_37 природа сказочная , словами не передать , это мы ещё в лес не сходили .",0,https://drive.google.com/uc?id=1Hm2wafYqfvfm907mLpdZU8_GvlzFFicP,353.jpg
354,у нас тут орлы ) парят на закате emoji_9 emoji_78 emoji_65 # красота # закат # видизокна # днем # моифото,0,https://drive.google.com/uc?id=1C1dc1JHyjO5-beG5a-mvguts4AC_JByR,354.jpg
355,"# городнаш_и_область emoji_87 emoji_37 emoji_88 emoji_37 emoji_87 emoji_37 # калач мы не знаем , что будет завтра . живите # сегодня",0,https://drive.google.com/uc?id=1I-6FDKRoCftcT5HAsxUh4sHNBsivz2Wx,355.jpg
356,"в тот день впервые за много лет поела раков emoji_89 emoji_90 emoji_89 , ела ещё в детстве , на юге emoji_91 emoji_92 , а живого так вообще не видела , точнее в руках не держала ! ) ) ) зато теперь в количестве от 10 кг emoji_93 emoji_94 emoji_95 .",0,https://drive.google.com/uc?id=1DkIWbUTEMHqmrTE29KfLmHsUDLfYS0OX,356.jpg
357,открыта запись на декабрь emoji_30,0,https://drive.google.com/uc?id=1VRxDleL5m_1sfZTRL6D-v0XLApKzhh5e,357.jpg
358,emoji_54 emoji_48 гулять в лесу прекрассно emoji_48 emoji_54,0,https://drive.google.com/uc?id=1-5yXuSM4zRt7-2KqBvXEn08PVV7WIsxk,358.jpg
359,дважды лауреаты i степени emoji_96,0,https://drive.google.com/uc?id=15O6aC1CWZJPzs5GnuZT1u58Wn0OvHheq,359.jpg
360,emoji_66 ‍ emoji_97 ботокс приведёт ваши волосы в порядок ! emoji_66 ‍ emoji_97 стоимость от 1500 ₽,0,https://drive.google.com/uc?id=1ZFs3YYXgmqTyy9yZJnhalq4Qpb1IkoxT,360.jpg
361,"прекрасная атмосфера , быстрая работа и качество ждут вас у данной ногтевой феечки emoji_98 все это по приятной цене emoji_99 я осталась с прекрасным настроением и шикарными ногтями emoji_24 emoji_49",0,https://drive.google.com/uc?id=1G93_dSJLDqgw3IV2jGBV5racgBlcWtFM,361.jpg
362,мой день 31.10 # спасибо друзья за поздравления ! ! ! emoji_54 emoji_32 emoji_54 emoji_32 emoji_54 emoji_32 emoji_54 emoji_32 # семья люблю emoji_54 emoji_32 emoji_54 emoji_32 emoji_54 emoji_32 emoji_54 emoji_32 emoji_100 emoji_100 emoji_100 emoji_47 emoji_47 emoji_47 emoji_101 emoji_101 emoji_101 emoji_41 emoji_41 emoji_41,0,https://drive.google.com/uc?id=1AOlYtdziNj-Sq9CZ3zFNUs9PFaRkon70,362.jpg
363,"все вместе собирали макулатуру и принимали участие в акции . весело было , получилось много <пользователь>",0,https://drive.google.com/uc?id=15UbQtWXF92sexl187BASBkQmDeGbdWVU,363.jpg
364,emoji_102 emoji_103 хорошей службы мой любимый братишка emoji_54,0,https://drive.google.com/uc?id=1pYklLieoTiA-4RwsEuYD6tbW7KBfWvbr,364.jpg
365,emoji_45 emoji_104 emoji_53 emoji_82 emoji_105 emoji_106 emoji_79 emoji_107 p . s у нас сегодня насыщенная программа празднования # хэллоуин,0,https://drive.google.com/uc?id=1uGo1UIS5BTSOwdumWwIfqRyLOnhuv7Os,365.jpg
366,давно собиралась побывать в этом маленьком городке . в начале октября мы с <пользователь> поймали теплую погоду и прекрасные осенние пейзажи emoji_108 emoji_38 emoji_44,0,https://drive.google.com/uc?id=1CYwbcmNBDIh3ETm3NvLQgieihYVr2Ggb,366.jpg
367,"мини наборы из мыла в деревянном ящичке ! emoji_109 смотрятся очень презентабельно и станут отличным вариантом подарка для друзей , коллег и близких . в наличии будет не много , количество ограничено .",0,https://drive.google.com/uc?id=1LK_kCTY7x3Q8E0nmOPnTOzp5NLAustpg,367.jpg
368,гора-убийца emoji_110,0,https://drive.google.com/uc?id=1o3UohIaQd8zG5SPD_y-8bfySjjyADgRC,368.jpg
369,"внутренний покой приходит именно тогда , когда благодарен за текущее мгновение . когда не суетишься и не изводишь себя мыслями « могло быть лучше » . # волшебныйдень",0,https://drive.google.com/uc?id=1U3I0elWAR3z9v1ngiCeQ-megOMtuG4q_,369.jpg
370,"похоже , что были последние бесснежные выходные , проведённые в лесу .",0,https://drive.google.com/uc?id=1c399-3eOKv61gDGEKl4YuO4ne2hIhV8i,370.jpg
371,международный день школьных библиотек emoji_111,0,https://drive.google.com/uc?id=1sTHjVjEqekMTcwcM27FxQXNROeoBXYwn,371.jpg
372,"с завтрашнего дня я начинаю обучение на аппарате холодная плазма для самого быстрого человека , жаждущего изменить свою жизнь и свою деятельность ! а ещё я повышаю цену на обучение … с завтрашнего дня обучение будет стоить 50 000р .",0,https://drive.google.com/uc?id=1OVBNObPwNQbDcna9ZuudURNf-HXaZRdh,372.jpg
373,и еще парочка моих заживших работ,0,https://drive.google.com/uc?id=1bHr2jmPPyC6_ybKadGs6i4nGl6OK2WRa,373.jpg
374,"с 1976 года , каждое последнее воскресенье октября , в россии отмечается день автомобилиста emoji_112 # праздник",0,https://drive.google.com/uc?id=1vz1LR7_47ce_AXOymFIb5xa1NxdOuZyq,374.jpg
375,осваиваем с воспитанниками новые направления развития и отдыха emoji_34,0,https://drive.google.com/uc?id=16opl0bMePufxNeBMC3P3J_59EFyRIjQt,375.jpg
376,мне лично помогает фраза одного монаха . очень простая . он говорил : « господь даёт нам сил ровно на один день . » именно сейчас я учусь жить по этому принципу . здесь и сейчас ),0,https://drive.google.com/uc?id=1ssdUarxC0gJCjUQkcZuDrnMrjLajLeGa,376.jpg
377,просто утро на мальдивах emoji_86 emoji_86 emoji_86,0,https://drive.google.com/uc?id=1-DmOJFmKJf4WclJYrRs-zNHF2UnM8uCi,377.jpg
378,поступление товара ! ! ! спортлайк # спорт # туризм,0,https://drive.google.com/uc?id=1zgdjiVO0QoabVvgzaqUmYrmPiRxAbptq,378.jpg
379,коротко о нашем понедельнике ! мы все ещё спим 12:47 emoji_15,0,https://drive.google.com/uc?id=1foBLpZb7No0sZqFAdRGvIZ73Butut9-y,379.jpg
380,"emoji_106 посетили на выходных чикибамбони . были там первый раз . уютная атмосфера , разнообразное меню , внимательные официанты . нам все понравилось . отлично провели время .",0,https://drive.google.com/uc?id=19XwG9RLM0usdRw8ONES3xLLZmYtbpHzC,380.jpg
381,"прогулка в осенний лес - это мощный заряд силы , бодрости и позитива ! я отдыхала и наслаждалась ! ! !",0,https://drive.google.com/uc?id=1aHAQMTmzmYRV1F8iwgWM9UifXALBFdB2,381.jpg
382,"знаете , какой сегодня праздник ? день чёрного моря ! emoji_113",0,https://drive.google.com/uc?id=1Urt24hz3Ug95qNdkQQwxJaB6YJVrrfox,382.jpg
383,"волшебный закат уютного , тёплого выходного дня в кругу семьи .",0,https://drive.google.com/uc?id=1rLGA07rQxeHKSaU1l3H-sMs1yU_3tWbQ,383.jpg
384,я очень люблю творить для вас и вы мне в этом помогаете emoji_104 # спасибо за доверие emoji_54 emoji_32,0,https://drive.google.com/uc?id=1hALBzmR1sUGIWvn3Vo6Cu0fsMRx5qY_h,384.jpg
385,ни разу не люблю фотографироваться emoji_2 позирую ...,0,https://drive.google.com/uc?id=1NmLCiiJdamZ8aBP_GNhoSvaCHfMwU2_c,385.jpg
386,безопасная дорога # я пешеход урок 1,0,https://drive.google.com/uc?id=1diW-NgzwqgPPEw7mOQbABsxIbtHAFOKj,386.jpg
387,летние воспоминания emoji_114 emoji_113 # портрет,0,https://drive.google.com/uc?id=1KnFfn8fXz7BtwXar3J8OFoW49a-s0iij,387.jpg
388,это было круто # словами не передать # эмоции зашкаливают # я это сделала # мечты сбываются emoji_109,0,https://drive.google.com/uc?id=1M0EcyH3WB6jspAF0WzEeb0U7-Cy4ghMQ,388.jpg
389,"ноябрь совсем близко , а у нас солнышко жарит как в августе emoji_115",0,https://drive.google.com/uc?id=10deJfbK3W-G-1CGcW7i5bjHm0O9QrIMB,389.jpg
390,# дочки маму поздравили emoji_86 emoji_116,0,https://drive.google.com/uc?id=1UEz68WpVG2UWWWtPHuVR9wu7mVKWOc3y,390.jpg
391,люблю запах хорошего крепкого кофе и корицы ... прям мое мое emoji_94,0,https://drive.google.com/uc?id=1TAkd91wV-8gUc4LoZXiNT6bVQx5qwSgm,391.jpg
392,"в общем в этом году я учу пятые классы , мы плзнаем удивительный мир биологи . пятиклассники - крутые ! !",0,https://drive.google.com/uc?id=13eJx5wYLAtZKsK1HaEfZd1tW5ExVIMku,392.jpg
393,хотите узнать стоимость вашего потолка ? emoji_117 пишите нам emoji_49,0,https://drive.google.com/uc?id=1Kmm0lpPiw9pO9rZGGQSaadzPc8zXrA6o,393.jpg
394,наш осенний вечер скрасили вкуснейшие миндальные печеньки,0,https://drive.google.com/uc?id=15tWqc4eoVrGixrzIde_qAMY9X0WG6-t9,394.jpg
395,"по душам . говорить или молчать . за кружкой чая , кофе , или без . весь вечер или всю ночь напролет . это очень важно , необходимо .",0,https://drive.google.com/uc?id=1vfFvc4jVCTaXqebtGcfs2-ZWl0je1UUE,395.jpg
396,сегодня мои мысли почему-то про китов ... # кит,0,https://drive.google.com/uc?id=15BoT7ZQsynOkE9bGqSPrjlqVZyKuW8Z9,396.jpg
397,"масяня оказался кот смышлёный . emoji_34 сразу понял , что можно зайти и выйти через маленькое окно .",0,https://drive.google.com/uc?id=1u1fwOt4vqo2QPq-qmFoI41I4fhCD8jwK,397.jpg
398,"оказывается , сложнее всего проектировать дом для старшей дочери . формула вроде бы проста : кедр + стекло + камень = любовь",0,https://drive.google.com/uc?id=1SvX0pEkwcs9IwPSWc0GWwou_3mwySX_F,398.jpg
399,совсем скоро стадион начнет преображаться . в течение двух недель демонтируем старый административный корпус и трибуны .,0,https://drive.google.com/uc?id=1KF3bB6i3voR1xc9dO29u7mImGkSHGI_i,399.jpg
400,"мы все испытываем стресс , и это не обязательно плохо . это плохо только тогда , когда вы не можете управлять им эффективно . # стресс",0,https://drive.google.com/uc?id=1QfB3UQXV-cWwH-NjBBpiZFTvh-8XJYMK,400.jpg
